timestamp,sample_id,mode,mode_value,requested_position,actual_a,actual_b,actual_c,actual_scissor,status_connected,status_activated,status_fault,status_motion,notes,robotiq_3f_finger_a_proximal_joint_rad,robotiq_3f_finger_a_middle_joint_rad,robotiq_3f_finger_a_distal_joint_rad,robotiq_3f_finger_b_scissor_joint_rad,robotiq_3f_finger_b_proximal_joint_rad,robotiq_3f_finger_b_middle_joint_rad,robotiq_3f_finger_b_distal_joint_rad,robotiq_3f_finger_c_scissor_joint_rad,robotiq_3f_finger_c_proximal_joint_rad,robotiq_3f_finger_c_middle_joint_rad,robotiq_3f_finger_c_distal_joint_rad,robotiq_3f_finger_a_middle_joint_pivot_x_joint_m,robotiq_3f_finger_a_middle_joint_pivot_y_joint_m,robotiq_3f_finger_a_middle_joint_pivot_z_joint_m,robotiq_3f_finger_b_middle_joint_pivot_x_joint_m,robotiq_3f_finger_b_middle_joint_pivot_y_joint_m,robotiq_3f_finger_b_middle_joint_pivot_z_joint_m,robotiq_3f_finger_c_middle_joint_pivot_x_joint_m,robotiq_3f_finger_c_middle_joint_pivot_y_joint_m,robotiq_3f_finger_c_middle_joint_pivot_z_joint_m,robotiq_3f_finger_a_middle_joint_pivot_x_joint_mm,robotiq_3f_finger_a_middle_joint_pivot_y_joint_mm,robotiq_3f_finger_a_middle_joint_pivot_z_joint_mm,robotiq_3f_finger_b_middle_joint_pivot_x_joint_mm,robotiq_3f_finger_b_middle_joint_pivot_y_joint_mm,robotiq_3f_finger_b_middle_joint_pivot_z_joint_mm,robotiq_3f_finger_c_middle_joint_pivot_x_joint_mm,robotiq_3f_finger_c_middle_joint_pivot_y_joint_mm,robotiq_3f_finger_c_middle_joint_pivot_z_joint_mm,finger_a_middle_pivot_candidate_x_m,finger_a_middle_pivot_candidate_y_m,finger_a_middle_pivot_candidate_z_m,finger_a_middle_pivot_candidate_x_mm,finger_a_middle_pivot_candidate_y_mm,finger_a_middle_pivot_candidate_z_mm,finger_b_middle_pivot_candidate_x_m,finger_b_middle_pivot_candidate_y_m,finger_b_middle_pivot_candidate_z_m,finger_b_middle_pivot_candidate_x_mm,finger_b_middle_pivot_candidate_y_mm,finger_b_middle_pivot_candidate_z_mm,finger_c_middle_pivot_candidate_x_m,finger_c_middle_pivot_candidate_y_m,finger_c_middle_pivot_candidate_z_m,finger_c_middle_pivot_candidate_x_mm,finger_c_middle_pivot_candidate_y_mm,finger_c_middle_pivot_candidate_z_mm,measurement_label,measurement_frame,point_a_x_m,point_a_y_m,point_a_z_m,point_b_x_m,point_b_y_m,point_b_z_m,delta_x_m,delta_y_m,delta_z_m,delta_x_mm,delta_y_mm,delta_z_mm,distance_m,distance_mm,real_distance_mm
2026-09-04T09:30:46.151356+00:00,basic_p0,Basic,0,0,6,6,6,137,True,True,0,3,,0.000000000,0.000000000,0.000000000,0.000000000,0.000000000,0.000000000,0.000000000,0.000000000,0.000000000,0.000000000,0.000000000,0.011620000,0.000000000,0.000000000,0.011620000,0.000000000,0.000000000,0.011620000,0.000000000,0.000000000,11.620,0.000,0.000,11.620,0.000,0.000,11.620,0.000,0.000,-0.058187455,-0.001425852,0.008050000,-58.187,-1.426,8.050,-0.058189366,-0.001328983,0.008040000,-58.189,-1.329,8.040,-0.058953474,-0.001246893,0.008050000,-58.953,-1.247,8.050,,world,0.0772700160741806,0.198818638920784,0.15119323134422302,-0.07933691889047623,0.19103221595287323,0.11292339861392975,-0.15660693496465683,-0.007786422967910767,-0.038269832730293274,-156.60693496465683,-7.786422967910767,-38.269832730293274,0.16140303763828018,161.40303763828018,0.0
2026-09-04T09:38:39.685751+00:00,basic_p32,Basic,0,32,32,32,32,137,True,True,0,3,,0.209439510,0.000000000,-0.279252680,0.000000000,0.209439510,0.000000000,-0.279252680,0.000000000,0.209439510,0.000000000,-0.279252680,0.011620000,0.000000000,0.000000000,0.011620000,0.000000000,0.000000000,0.011620000,0.000000000,0.000000000,11.620,0.000,0.000,11.620,0.000,0.000,11.620,0.000,0.000,-0.058187455,-0.001425852,0.008050000,-58.187,-1.426,8.050,-0.058189366,-0.001328983,0.008040000,-58.189,-1.329,8.040,-0.058953474,-0.001246893,0.008050000,-58.953,-1.247,8.050,,world,0.04547526314854622,0.11776158958673477,0.16464020311832428,-0.04396648332476616,0.11665750294923782,0.12226632237434387,-0.08944174647331238,-0.0011040866374969482,-0.04237388074398041,-89.44174647331238,-1.1040866374969482,-42.37388074398041,0.0989777287514947,98.9777287514947,0.0
2026-09-04T09:46:43.569808+00:00,basic_p60,Basic,0,60,60,60,60,137,True,True,0,3,,0.488692191,0.000000000,-0.514872129,0.000000000,0.488692191,0.000000000,-0.514872129,0.000000000,0.488692191,0.000000000,-0.514872129,0.011620000,0.000000000,0.000000000,0.011620000,0.000000000,0.000000000,0.011620000,0.000000000,0.000000000,11.620,0.000,0.000,11.620,0.000,0.000,11.620,0.000,0.000,-0.058187455,-0.001425852,0.008050000,-58.187,-1.426,8.050,-0.058189366,-0.001328983,0.008040000,-58.189,-1.329,8.040,-0.058953474,-0.001246893,0.008050000,-58.953,-1.247,8.050,,world,0.03574638068675995,0.11697728931903839,0.14746908843517303,-0.03633623570203781,0.1155218556523323,0.11170485615730286,-0.07208261638879776,-0.0014554336667060852,-0.03576423227787018,-72.08261638879776,-1.4554336667060852,-35.76423227787018,0.08048044596694409,80.48044596694409,0.0
2026-09-04T09:49:00.931006+00:00,basic_p96,Basic,0,96,96,96,96,137,True,True,0,3,,0.785398163,0.000000000,-0.785398163,0.000000000,0.785398163,0.000000000,-0.785398163,0.000000000,0.785398163,0.000000000,-0.785398163,0.011620000,0.000000000,0.000000000,0.011620000,0.000000000,0.000000000,0.011620000,0.000000000,0.000000000,11.620,0.000,0.000,11.620,0.000,0.000,11.620,0.000,0.000,-0.058187455,-0.001425852,0.008050000,-58.187,-1.426,8.050,-0.058189366,-0.001328983,0.008040000,-58.189,-1.329,8.040,-0.058953474,-0.001246893,0.008050000,-58.953,-1.247,8.050,,world,0.005435748025774956,0.20018433034420013,0.14304769039154053,-0.005389545112848282,0.1998450756072998,0.10810504853725433,-0.010825293138623238,-0.0003392547369003296,-0.034942641854286194,-10.825293138623238,-0.3392547369003296,-34.942641854286194,0.036582650055327404,36.582650055327406,0.0
2026-09-04T09:57:31.730775+00:00,basic_p128,Basic,0,128,128,128,128,137,True,True,0,3,,1.077740813,0.000000000,-1.077740813,0.000000000,1.077740813,0.000000000,-1.077740813,0.000000000,1.077740813,0.000000000,-1.077740813,0.011620000,0.000000000,0.000000000,0.011620000,0.000000000,0.000000000,0.011620000,0.000000000,0.000000000,11.620,0.000,0.000,11.620,0.000,0.000,11.620,0.000,0.000,-0.058187455,-0.001425852,0.008050000,-58.187,-1.426,8.050,-0.058189366,-0.001328983,0.008040000,-58.189,-1.329,8.040,-0.058953474,-0.001246893,0.008050000,-58.953,-1.247,8.050,,world,0.0212201289832592,0.19473108649253845,0.1865542232990265,-0.01887514814734459,0.19241108000278473,0.1487332433462143,-0.04009527713060379,-0.002320006489753723,-0.037820979952812195,-40.09527713060379,-2.320006489753723,-37.820979952812195,0.055167383505867314,55.16738350586731,0.0
2026-09-04T11:28:03.337133+00:00,basic_p148,Basic,0,148,148,148,148,137,True,True,0,3,,1.077740813,0.087266463,-0.689405055,0.000000000,1.077740813,0.087266463,-0.689405055,0.000000000,1.077740813,0.087266463,-0.689405055,0.011620000,0.000000000,0.000000000,0.011620000,0.000000000,0.000000000,0.011620000,0.000000000,0.000000000,11.620,0.000,0.000,11.620,0.000,0.000,11.620,0.000,0.000,-0.058187455,-0.001425852,0.008050000,-58.187,-1.426,8.050,-0.058189366,-0.001328983,0.008040000,-58.189,-1.329,8.040,-0.058953474,-0.001246893,0.008050000,-58.953,-1.247,8.050,,world,-0.036638930439949036,0.18647290766239166,0.15091286599636078,0.036610692739486694,0.18729841709136963,0.11347509920597076,0.07324962317943573,0.0008255094289779663,-0.037437766790390015,73.24962317943573,0.8255094289779663,-37.437766790390015,0.08226648858434575,82.26648858434575,0.0
2026-09-04T11:33:46.062999+00:00,basic_p164,Basic,0,164,164,164,164,137,True,True,0,3,,1.077740813,0.436332313,-0.689405055,0.000000000,1.077740813,0.436332313,-0.689405055,0.000000000,1.077740813,0.436332313,-0.689405055,0.011620000,0.000000000,0.000000000,0.011620000,0.000000000,0.000000000,0.011620000,0.000000000,0.000000000,11.620,0.000,0.000,11.620,0.000,0.000,11.620,0.000,0.000,-0.058187455,-0.001425852,0.008050000,-58.187,-1.426,8.050,-0.058189366,-0.001328983,0.008040000,-58.189,-1.329,8.040,-0.058953474,-0.001246893,0.008050000,-58.953,-1.247,8.050,,world,-0.05274154245853424,0.16700789332389832,0.15000849962234497,0.0529031902551651,0.1686965376138687,0.1134658083319664,0.10564473271369934,0.001688644289970398,-0.03654269129037857,105.64473271369934,1.688644289970398,-36.54269129037857,0.11179905794071314,111.79905794071314,0.0
2026-09-04T11:36:05.030574+00:00,basic_p192,Basic,0,192,192,192,192,137,True,True,0,3,,1.077740813,0.933751150,-0.689405055,0.000000000,1.077740813,0.933751150,-0.689405055,0.000000000,1.077740813,0.933751150,-0.689405055,0.011620000,0.000000000,0.000000000,0.011620000,0.000000000,0.000000000,0.011620000,0.000000000,0.000000000,11.620,0.000,0.000,11.620,0.000,0.000,11.620,0.000,0.000,-0.058187455,-0.001425852,0.008050000,-58.187,-1.426,8.050,-0.058189366,-0.001328983,0.008040000,-58.189,-1.329,8.040,-0.058953474,-0.001246893,0.008050000,-58.953,-1.247,8.050,,world,-0.05274154245853424,0.16700789332389832,0.15000849962234497,0.0529031902551651,0.1686965376138687,0.1134658083319664,0.10564473271369934,0.001688644289970398,-0.03654269129037857,105.64473271369934,1.688644289970398,-36.54269129037857,0.11179905794071314,111.79905794071314,0.0
2026-09-04T11:37:35.752721+00:00,basic_p225,Basic,0,225,225,225,225,137,True,True,0,3,,1.077740813,1.308996939,-0.689405055,0.000000000,1.077740813,1.308996939,-0.689405055,0.000000000,1.077740813,1.308996939,-0.689405055,0.011620000,0.000000000,0.000000000,0.011620000,0.000000000,0.000000000,0.011620000,0.000000000,0.000000000,11.620,0.000,0.000,11.620,0.000,0.000,11.620,0.000,0.000,-0.058187455,-0.001425852,0.008050000,-58.187,-1.426,8.050,-0.058189366,-0.001328983,0.008040000,-58.189,-1.329,8.040,-0.058953474,-0.001246893,0.008050000,-58.953,-1.247,8.050,,world,0.01365200337022543,0.11441412568092346,0.09764502197504044,-0.027562346309423447,0.09472431242465973,0.10042095929384232,-0.041214349679648876,-0.019689813256263733,0.00277593731880188,-41.214349679648876,-19.689813256263733,2.77593731880188,0.04576043262012314,45.76043262012314,0.0
2026-09-04T11:39:27.893855+00:00,basic_p250,Basic,0,250,240,240,240,137,True,True,0,3,,1.077740813,1.509709803,-0.689405055,0.000000000,1.077740813,1.509709803,-0.689405055,0.000000000,1.077740813,1.509709803,-0.689405055,0.011620000,0.000000000,0.000000000,0.011620000,0.000000000,0.000000000,0.011620000,0.000000000,0.000000000,11.620,0.000,0.000,11.620,0.000,0.000,11.620,0.000,0.000,-0.058187455,-0.001425852,0.008050000,-58.187,-1.426,8.050,-0.058189366,-0.001328983,0.008040000,-58.189,-1.329,8.040,-0.058953474,-0.001246893,0.008050000,-58.953,-1.247,8.050,,world,0.01365200337022543,0.11441412568092346,0.09764502197504044,-0.027562346309423447,0.09472431242465973,0.10042095929384232,-0.041214349679648876,-0.019689813256263733,0.00277593731880188,-41.214349679648876,-19.689813256263733,2.77593731880188,0.04576043262012314,45.76043262012314,0.0
2026-09-04T11:43:13.721182+00:00,pinch_p0,Pinch,1,0,6,6,6,220,True,True,0,3,,0.000000000,0.000000000,0.000000000,-0.165806279,0.000000000,0.000000000,0.000000000,0.165806279,0.000000000,0.000000000,0.000000000,0.011620000,0.000000000,0.000000000,0.011620000,0.000000000,0.000000000,0.011620000,0.000000000,0.000000000,11.620,0.000,0.000,11.620,0.000,0.000,11.620,0.000,0.000,-0.058187455,-0.001425852,0.008050000,-58.187,-1.426,8.050,-0.058189366,-0.001328983,0.008040000,-58.189,-1.329,8.040,-0.058953474,-0.001246893,0.008050000,-58.953,-1.247,8.050,,world,0.01365200337022543,0.11441412568092346,0.09764502197504044,-0.027562346309423447,0.09472431242465973,0.10042095929384232,-0.041214349679648876,-0.019689813256263733,0.00277593731880188,-41.214349679648876,-19.689813256263733,2.77593731880188,0.04576043262012314,45.76043262012314,0.0
2026-09-04T12:04:20.047812+00:00,pinch_p32,Pinch,1,32,32,32,32,220,True,True,0,3,,0.209439510,0.000000000,-0.279252680,-0.160570291,0.209439510,0.000000000,-0.279252680,0.160570291,0.209439510,0.000000000,-0.279252680,0.011620000,0.000000000,0.000000000,0.011620000,0.000000000,0.000000000,0.011620000,0.000000000,0.000000000,11.620,0.000,0.000,11.620,0.000,0.000,11.620,0.000,0.000,-0.058187455,-0.001425852,0.008050000,-58.187,-1.426,8.050,-0.058189366,-0.001328983,0.008040000,-58.189,-1.329,8.040,-0.058953474,-0.001246893,0.008050000,-58.953,-1.247,8.050,,world,0.04547526314854622,0.11776158958673477,0.16464020311832428,-0.04396648332476616,0.11665750294923782,0.12226632237434387,-0.08944174647331238,-0.0011040866374969482,-0.04237388074398041,-89.44174647331238,-1.1040866374969482,-42.37388074398041,0.0989777287514947,98.9777287514947,0.0
2026-09-04T12:06:22.116305+00:00,pinch_p60,Pinch,1,60,60,60,60,220,True,True,0,3,,0.488692191,0.000000000,-0.514872129,-0.158824962,0.488692191,0.000000000,-0.514872129,0.158824962,0.488692191,0.000000000,-0.514872129,0.011620000,0.000000000,0.000000000,0.011620000,0.000000000,0.000000000,0.011620000,0.000000000,0.000000000,11.620,0.000,0.000,11.620,0.000,0.000,11.620,0.000,0.000,-0.058187455,-0.001425852,0.008050000,-58.187,-1.426,8.050,-0.058189366,-0.001328983,0.008040000,-58.189,-1.329,8.040,-0.058953474,-0.001246893,0.008050000,-58.953,-1.247,8.050,,world,0.03574638068675995,0.11697728931903839,0.14746908843517303,-0.03633623570203781,0.1155218556523323,0.11170485615730286,-0.07208261638879776,-0.0014554336667060852,-0.03576423227787018,-72.08261638879776,-1.4554336667060852,-35.76423227787018,0.08048044596694409,80.48044596694409,0.0
2026-09-04T12:10:18.988778+00:00,pinch_p96,Pinch,1,96,96,96,96,220,True,True,0,3,,0.785398163,0.000000000,-0.785398163,-0.164060950,0.785398163,0.000000000,-0.785398163,0.164060950,0.785398163,0.000000000,-0.785398163,0.011620000,0.000000000,0.000000000,0.011620000,0.000000000,0.000000000,0.011620000,0.000000000,0.000000000,11.620,0.000,0.000,11.620,0.000,0.000,11.620,0.000,0.000,-0.058187455,-0.001425852,0.008050000,-58.187,-1.426,8.050,-0.058189366,-0.001328983,0.008040000,-58.189,-1.329,8.040,-0.058953474,-0.001246893,0.008050000,-58.953,-1.247,8.050,,world,0.005435748025774956,0.20018433034420013,0.14304769039154053,-0.005389545112848282,0.1998450756072998,0.10810504853725433,-0.010825293138623238,-0.0003392547369003296,-0.034942641854286194,-10.825293138623238,-0.3392547369003296,-34.942641854286194,0.036582650055327404,36.582650055327406,0.0
2026-09-04T12:12:29.877283+00:00,pinch_p128,Pinch,1,128,112,113,113,220,True,True,0,3,,0.855211333,0.000000000,-0.855211333,-0.164060950,0.855211333,0.000000000,-0.855211333,0.164060950,0.855211333,0.000000000,-0.855211333,0.011620000,0.000000000,0.000000000,0.011620000,0.000000000,0.000000000,0.011620000,0.000000000,0.000000000,11.620,0.000,0.000,11.620,0.000,0.000,11.620,0.000,0.000,-0.058187455,-0.001425852,0.008050000,-58.187,-1.426,8.050,-0.058189366,-0.001328983,0.008040000,-58.189,-1.329,8.040,-0.058953474,-0.001246893,0.008050000,-58.953,-1.247,8.050,,world,0.005435748025774956,0.20018433034420013,0.14304769039154053,-0.005389545112848282,0.1998450756072998,0.10810504853725433,-0.010825293138623238,-0.0003392547369003296,-0.034942641854286194,-10.825293138623238,-0.3392547369003296,-34.942641854286194,0.036582650055327404,36.582650055327406,0.0
2026-09-04T12:12:49.652536+00:00,pinch_p164,Pinch,1,164,112,113,113,220,True,True,0,3,,0.855211333,0.000000000,-0.855211333,-0.164060950,0.855211333,0.000000000,-0.855211333,0.164060950,0.855211333,0.000000000,-0.855211333,0.011620000,0.000000000,0.000000000,0.011620000,0.000000000,0.000000000,0.011620000,0.000000000,0.000000000,11.620,0.000,0.000,11.620,0.000,0.000,11.620,0.000,0.000,-0.058187455,-0.001425852,0.008050000,-58.187,-1.426,8.050,-0.058189366,-0.001328983,0.008040000,-58.189,-1.329,8.040,-0.058953474,-0.001246893,0.008050000,-58.953,-1.247,8.050,,world,0.005435748025774956,0.20018433034420013,0.14304769039154053,-0.005389545112848282,0.1998450756072998,0.10810504853725433,-0.010825293138623238,-0.0003392547369003296,-0.034942641854286194,-10.825293138623238,-0.3392547369003296,-34.942641854286194,0.036582650055327404,36.582650055327406,0.0
2026-09-04T12:13:03.909453+00:00,pinch_p196,Pinch,1,196,112,113,113,220,True,True,0,3,,0.855211333,0.000000000,-0.855211333,-0.164060950,0.855211333,0.000000000,-0.855211333,0.164060950,0.855211333,0.000000000,-0.855211333,0.011620000,0.000000000,0.000000000,0.011620000,0.000000000,0.000000000,0.011620000,0.000000000,0.000000000,11.620,0.000,0.000,11.620,0.000,0.000,11.620,0.000,0.000,-0.058187455,-0.001425852,0.008050000,-58.187,-1.426,8.050,-0.058189366,-0.001328983,0.008040000,-58.189,-1.329,8.040,-0.058953474,-0.001246893,0.008050000,-58.953,-1.247,8.050,,world,0.005435748025774956,0.20018433034420013,0.14304769039154053,-0.005389545112848282,0.1998450756072998,0.10810504853725433,-0.010825293138623238,-0.0003392547369003296,-0.034942641854286194,-10.825293138623238,-0.3392547369003296,-34.942641854286194,0.036582650055327404,36.582650055327406,0.0
2026-09-04T12:13:20.938777+00:00,pinch_p225,Pinch,1,225,112,113,113,220,True,True,0,3,,0.855211333,0.000000000,-0.855211333,-0.164060950,0.855211333,0.000000000,-0.855211333,0.164060950,0.855211333,0.000000000,-0.855211333,0.011620000,0.000000000,0.000000000,0.011620000,0.000000000,0.000000000,0.011620000,0.000000000,0.000000000,11.620,0.000,0.000,11.620,0.000,0.000,11.620,0.000,0.000,-0.058187455,-0.001425852,0.008050000,-58.187,-1.426,8.050,-0.058189366,-0.001328983,0.008040000,-58.189,-1.329,8.040,-0.058953474,-0.001246893,0.008050000,-58.953,-1.247,8.050,,world,0.005435748025774956,0.20018433034420013,0.14304769039154053,-0.005389545112848282,0.1998450756072998,0.10810504853725433,-0.010825293138623238,-0.0003392547369003296,-0.034942641854286194,-10.825293138623238,-0.3392547369003296,-34.942641854286194,0.036582650055327404,36.582650055327406,0.0
2026-09-04T12:13:41.032036+00:00,pinch_p250,Pinch,1,250,112,113,113,220,True,True,0,3,,0.855211333,0.000000000,-0.855211333,-0.164060950,0.855211333,0.000000000,-0.855211333,0.164060950,0.855211333,0.000000000,-0.855211333,0.011620000,0.000000000,0.000000000,0.011620000,0.000000000,0.000000000,0.011620000,0.000000000,0.000000000,11.620,0.000,0.000,11.620,0.000,0.000,11.620,0.000,0.000,-0.058187455,-0.001425852,0.008050000,-58.187,-1.426,8.050,-0.058189366,-0.001328983,0.008040000,-58.189,-1.329,8.040,-0.058953474,-0.001246893,0.008050000,-58.953,-1.247,8.050,,world,0.005435748025774956,0.20018433034420013,0.14304769039154053,-0.005389545112848282,0.1998450756072998,0.10810504853725433,-0.010825293138623238,-0.0003392547369003296,-0.034942641854286194,-10.825293138623238,-0.3392547369003296,-34.942641854286194,0.036582650055327404,36.582650055327406,0.0
2026-09-04T12:25:01.920678+00:00,wide_p0,Wide,2,0,6,6,6,24,True,True,0,3,,0.000000000,0.000000000,0.000000000,0.222529480,0.000000000,0.000000000,0.000000000,-0.222529480,0.000000000,0.000000000,0.000000000,0.011620000,0.000000000,0.000000000,0.011620000,0.000000000,0.000000000,0.011620000,0.000000000,0.000000000,11.620,0.000,0.000,11.620,0.000,0.000,11.620,0.000,0.000,-0.058187455,-0.001425852,0.008050000,-58.187,-1.426,8.050,-0.058189366,-0.001328983,0.008040000,-58.189,-1.329,8.040,-0.058953474,-0.001246893,0.008050000,-58.953,-1.247,8.050,,world,-0.07971040904521942,0.20259392261505127,0.20637750625610352,-0.07632376253604889,0.20533141493797302,0.09362796694040298,0.0033866465091705322,0.002737492322921753,-0.11274953931570053,3.3866465091705322,2.737492322921753,-112.74953931570053,0.11283360250696081,112.83360250696082,0.0
2026-09-04T12:28:11.751722+00:00,wide_p32,Wide,2,32,32,32,32,24,True,True,0,3,,0.209439510,0.000000000,-0.279252680,0.226892803,0.209439510,0.000000000,-0.279252680,-0.226892803,0.209439510,0.000000000,-0.279252680,0.011620000,0.000000000,0.000000000,0.011620000,0.000000000,0.000000000,0.011620000,0.000000000,0.000000000,11.620,0.000,0.000,11.620,0.000,0.000,11.620,0.000,0.000,-0.058187455,-0.001425852,0.008050000,-58.187,-1.426,8.050,-0.058189366,-0.001328983,0.008040000,-58.189,-1.329,8.040,-0.058953474,-0.001246893,0.008050000,-58.953,-1.247,8.050,,world,-0.062334686517715454,0.21049684286117554,0.20810115337371826,-0.0620637983083725,0.2112618237733841,0.09139002114534378,0.00027088820934295654,0.0007649809122085571,-0.11671113222837448,0.27088820934295654,0.7649809122085571,-116.71113222837448,0.1167139535884511,116.7139535884511,0.0
2026-09-04T12:37:11.570403+00:00,wide_p60,Wide,2,60,60,60,60,24,True,True,0,3,,0.488692191,0.000000000,-0.514872129,0.222529480,0.488692191,0.000000000,-0.514872129,-0.222529480,0.488692191,0.000000000,-0.514872129,0.011620000,0.000000000,0.000000000,0.011620000,0.000000000,0.000000000,0.011620000,0.000000000,0.000000000,11.620,0.000,0.000,11.620,0.000,0.000,11.620,0.000,0.000,-0.058187455,-0.001425852,0.008050000,-58.187,-1.426,8.050,-0.058189366,-0.001328983,0.008040000,-58.189,-1.329,8.040,-0.058953474,-0.001246893,0.008050000,-58.953,-1.247,8.050,,world,-0.03488624095916748,0.21271857619285583,0.2080063372850418,-0.034097820520401,0.21377035975456238,0.09180189669132233,0.0007884204387664795,0.001051783561706543,-0.11620444059371948,0.7884204387664795,1.051783561706543,-116.20444059371948,0.1162118749059158,116.21187490591579,0.0
2026-09-04T12:39:36.982767+00:00,wide_p96,Wide,2,96,96,96,96,24,True,True,0,3,,0.785398163,0.000000000,-0.785398163,0.222529480,0.785398163,0.000000000,-0.785398163,-0.222529480,0.785398163,0.000000000,-0.785398163,0.011620000,0.000000000,0.000000000,0.011620000,0.000000000,0.000000000,0.011620000,0.000000000,0.000000000,11.620,0.000,0.000,11.620,0.000,0.000,11.620,0.000,0.000,-0.058187455,-0.001425852,0.008050000,-58.187,-1.426,8.050,-0.058189366,-0.001328983,0.008040000,-58.189,-1.329,8.040,-0.058953474,-0.001246893,0.008050000,-58.953,-1.247,8.050,,world,-0.006501615047454834,0.2073240578174591,0.20719720423221588,-0.0051690638065338135,0.20845825970172882,0.09230203926563263,0.0013325512409210205,0.0011342018842697144,-0.11489516496658325,1.3325512409210205,1.1342018842697144,-114.89516496658325,0.11490848984919409,114.9084898491941,0.0
2026-09-04T12:41:22.959780+00:00,wide_p128,Wide,2,128,128,128,128,24,True,True,0,3,,1.077740813,0.000000000,-1.077740813,0.222529480,1.077740813,0.000000000,-1.077740813,-0.222529480,1.077740813,0.000000000,-1.077740813,0.011620000,0.000000000,0.000000000,0.011620000,0.000000000,0.000000000,0.011620000,0.000000000,0.000000000,11.620,0.000,0.000,11.620,0.000,0.000,11.620,0.000,0.000,-0.058187455,-0.001425852,0.008050000,-58.187,-1.426,8.050,-0.058189366,-0.001328983,0.008040000,-58.189,-1.329,8.040,-0.058953474,-0.001246893,0.008050000,-58.953,-1.247,8.050,,world,0.021740823984146118,0.19479407370090485,0.2024735063314438,0.019868820905685425,0.19560596346855164,0.09543588757514954,-0.0018720030784606934,0.0008118897676467896,-0.10703761875629425,-1.8720030784606934,0.8118897676467896,-107.03761875629425,0.10705706604208043,107.05706604208044,0.0
2026-09-04T12:42:21.659915+00:00,wide_p148,Wide,2,148,148,148,148,24,True,True,0,3,,1.077740813,0.087266463,-0.689405055,0.222529480,1.077740813,0.087266463,-0.689405055,-0.222529480,1.077740813,0.087266463,-0.689405055,0.011620000,0.000000000,0.000000000,0.011620000,0.000000000,0.000000000,0.011620000,0.000000000,0.000000000,11.620,0.000,0.000,11.620,0.000,0.000,11.620,0.000,0.000,-0.058187455,-0.001425852,0.008050000,-58.187,-1.426,8.050,-0.058189366,-0.001328983,0.008040000,-58.189,-1.329,8.040,-0.058953474,-0.001246893,0.008050000,-58.953,-1.247,8.050,,world,-0.036638930439949036,0.18647290766239166,0.15091286599636078,0.036610692739486694,0.18729841709136963,0.11347509920597076,0.07324962317943573,0.0008255094289779663,-0.037437766790390015,73.24962317943573,0.8255094289779663,-37.437766790390015,0.08226648858434575,82.26648858434575,0.0
2026-09-04T12:43:26.135963+00:00,wide_p164,Wide,2,164,164,164,164,24,True,True,0,3,,1.077740813,0.436332313,-0.689405055,0.222529480,1.077740813,0.436332313,-0.689405055,-0.222529480,1.077740813,0.436332313,-0.689405055,0.011620000,0.000000000,0.000000000,0.011620000,0.000000000,0.000000000,0.011620000,0.000000000,0.000000000,11.620,0.000,0.000,11.620,0.000,0.000,11.620,0.000,0.000,-0.058187455,-0.001425852,0.008050000,-58.187,-1.426,8.050,-0.058189366,-0.001328983,0.008040000,-58.189,-1.329,8.040,-0.058953474,-0.001246893,0.008050000,-58.953,-1.247,8.050,,world,-0.05274154245853424,0.16700789332389832,0.15000849962234497,0.0529031902551651,0.1686965376138687,0.1134658083319664,0.10564473271369934,0.001688644289970398,-0.03654269129037857,105.64473271369934,1.688644289970398,-36.54269129037857,0.11179905794071314,111.79905794071314,0.0
2026-09-04T12:44:17.151885+00:00,wide_p192,Wide,2,192,192,192,192,24,True,True,0,3,,1.077740813,0.933751150,-0.689405055,0.222529480,1.077740813,0.933751150,-0.689405055,-0.222529480,1.077740813,0.933751150,-0.689405055,0.011620000,0.000000000,0.000000000,0.011620000,0.000000000,0.000000000,0.011620000,0.000000000,0.000000000,11.620,0.000,0.000,11.620,0.000,0.000,11.620,0.000,0.000,-0.058187455,-0.001425852,0.008050000,-58.187,-1.426,8.050,-0.058189366,-0.001328983,0.008040000,-58.189,-1.329,8.040,-0.058953474,-0.001246893,0.008050000,-58.953,-1.247,8.050,,world,-0.05274154245853424,0.16700789332389832,0.15000849962234497,0.0529031902551651,0.1686965376138687,0.1134658083319664,0.10564473271369934,0.001688644289970398,-0.03654269129037857,105.64473271369934,1.688644289970398,-36.54269129037857,0.11179905794071314,111.79905794071314,0.0
2026-09-04T12:45:01.350953+00:00,wide_p225,Wide,2,225,225,225,225,24,True,True,0,3,,1.077740813,1.308996939,-0.689405055,0.222529480,1.077740813,1.308996939,-0.689405055,-0.222529480,1.077740813,1.308996939,-0.689405055,0.011620000,0.000000000,0.000000000,0.011620000,0.000000000,0.000000000,0.011620000,0.000000000,0.000000000,11.620,0.000,0.000,11.620,0.000,0.000,11.620,0.000,0.000,-0.058187455,-0.001425852,0.008050000,-58.187,-1.426,8.050,-0.058189366,-0.001328983,0.008040000,-58.189,-1.329,8.040,-0.058953474,-0.001246893,0.008050000,-58.953,-1.247,8.050,,world,0.01365200337022543,0.11441412568092346,0.09764502197504044,-0.027562346309423447,0.09472431242465973,0.10042095929384232,-0.041214349679648876,-0.019689813256263733,0.00277593731880188,-41.214349679648876,-19.689813256263733,2.77593731880188,0.04576043262012314,45.76043262012314,0.0
2026-09-04T12:45:52.512218+00:00,wide_p250,Wide,2,250,240,240,240,24,True,True,0,3,,1.077740813,1.509709803,-0.689405055,0.222529480,1.077740813,1.509709803,-0.689405055,-0.222529480,1.077740813,1.509709803,-0.689405055,0.011620000,0.000000000,0.000000000,0.011620000,0.000000000,0.000000000,0.011620000,0.000000000,0.000000000,11.620,0.000,0.000,11.620,0.000,0.000,11.620,0.000,0.000,-0.058187455,-0.001425852,0.008050000,-58.187,-1.426,8.050,-0.058189366,-0.001328983,0.008040000,-58.189,-1.329,8.040,-0.058953474,-0.001246893,0.008050000,-58.953,-1.247,8.050,,world,0.01365200337022543,0.11441412568092346,0.09764502197504044,-0.027562346309423447,0.09472431242465973,0.10042095929384232,-0.041214349679648876,-0.019689813256263733,0.00277593731880188,-41.214349679648876,-19.689813256263733,2.77593731880188,0.04576043262012314,45.76043262012314,0.0
2026-09-04T12:48:19.212863+00:00,scissor_p0,Scissor,3,0,6,6,6,15,True,True,0,3,,0.000000000,0.000000000,0.000000000,0.239982772,0.000000000,0.000000000,0.000000000,-0.239982772,0.000000000,0.000000000,0.000000000,0.011620000,0.000000000,0.000000000,0.011620000,0.000000000,0.000000000,0.011620000,0.000000000,0.000000000,11.620,0.000,0.000,11.620,0.000,0.000,11.620,0.000,0.000,-0.058187455,-0.001425852,0.008050000,-58.187,-1.426,8.050,-0.058189366,-0.001328983,0.008040000,-58.189,-1.329,8.040,-0.058953474,-0.001246893,0.008050000,-58.953,-1.247,8.050,,world,-0.07810576260089874,0.2029196172952652,0.20828372240066528,-0.07897794246673584,0.20327413082122803,0.09113620221614838,-0.0008721798658370972,0.0003545135259628296,-0.1171475201845169,-0.8721798658370972,0.3545135259628296,-117.1475201845169,0.11715130329168455,117.15130329168456,0.0
2026-09-04T12:49:53.937278+00:00,scissor_p32,Scissor,3,32,6,6,6,32,True,True,0,3,,0.000000000,0.000000000,0.000000000,0.209439510,0.000000000,0.000000000,0.000000000,-0.209439510,0.000000000,0.000000000,0.000000000,0.011620000,0.000000000,0.000000000,0.011620000,0.000000000,0.000000000,0.011620000,0.000000000,0.000000000,11.620,0.000,0.000,11.620,0.000,0.000,11.620,0.000,0.000,-0.058187455,-0.001425852,0.008050000,-58.187,-1.426,8.050,-0.058189366,-0.001328983,0.008040000,-58.189,-1.329,8.040,-0.058953474,-0.001246893,0.008050000,-58.953,-1.247,8.050,,world,-0.07851530611515045,0.20355485379695892,0.2039300501346588,-0.07925373315811157,0.20377106964588165,0.09567855298519135,-0.0007384270429611206,0.0002162158489227295,-0.10825149714946747,-0.7384270429611206,0.2162158489227295,-108.25149714946747,0.10825423159808703,108.25423159808703,0.0
2026-09-04T12:52:08.904863+00:00,scissor_p60,Scissor,3,60,6,6,6,60,True,True,0,3,,0.000000000,0.000000000,0.000000000,0.148352986,0.000000000,0.000000000,0.000000000,-0.148352986,0.000000000,0.000000000,0.000000000,0.011620000,0.000000000,0.000000000,0.011620000,0.000000000,0.000000000,0.011620000,0.000000000,0.000000000,11.620,0.000,0.000,11.620,0.000,0.000,11.620,0.000,0.000,-0.058187455,-0.001425852,0.008050000,-58.187,-1.426,8.050,-0.058189366,-0.001328983,0.008040000,-58.189,-1.329,8.040,-0.058953474,-0.001246893,0.008050000,-58.953,-1.247,8.050,,world,-0.0788460224866867,0.2040180116891861,0.19503508508205414,-0.07961106300354004,0.20443929731845856,0.10419479012489319,-0.0007650405168533325,0.00042128562927246094,-0.09084029495716095,-0.7650405168533325,0.42128562927246094,-90.84029495716095,0.09084449326446738,90.84449326446737,0.0
2026-09-04T12:54:04.501111+00:00,scissor_p92,Scissor,3,92,6,6,6,92,True,True,0,3,,0.000000000,0.000000000,0.000000000,0.087266463,0.000000000,0.000000000,0.000000000,-0.087266463,0.000000000,0.000000000,0.000000000,0.011620000,0.000000000,0.000000000,0.011620000,0.000000000,0.000000000,0.011620000,0.000000000,0.000000000,11.620,0.000,0.000,11.620,0.000,0.000,11.620,0.000,0.000,-0.058187455,-0.001425852,0.008050000,-58.187,-1.426,8.050,-0.058189366,-0.001328983,0.008040000,-58.189,-1.329,8.040,-0.058953474,-0.001246893,0.008050000,-58.953,-1.247,8.050,,world,-0.07907634973526001,0.20432086288928986,0.18670828640460968,-0.07967416942119598,0.20462217926979065,0.11271077394485474,-0.0005978196859359741,0.00030131638050079346,-0.07399751245975494,-0.5978196859359741,0.30131638050079346,-73.99751245975494,0.07400054074241376,74.00054074241376,0.0
2026-09-04T12:56:20.572424+00:00,scissor_p128,Scissor,3,128,6,6,6,128,True,True,0,3,,0.000000000,0.000000000,0.000000000,0.017453293,0.000000000,0.000000000,0.000000000,-0.017453293,0.000000000,0.000000000,0.000000000,0.011620000,0.000000000,0.000000000,0.011620000,0.000000000,0.000000000,0.011620000,0.000000000,0.000000000,11.620,0.000,0.000,11.620,0.000,0.000,11.620,0.000,0.000,-0.058187455,-0.001425852,0.008050000,-58.187,-1.426,8.050,-0.058189366,-0.001328983,0.008040000,-58.189,-1.329,8.040,-0.058953474,-0.001246893,0.008050000,-58.953,-1.247,8.050,,world,-0.07892175018787384,0.20397305488586426,0.17667819559574127,-0.0794355571269989,0.2043249011039734,0.12311956286430359,-0.000513806939125061,0.00035184621810913086,-0.05355863273143768,-0.513806939125061,0.35184621810913086,-53.55863273143768,0.053562252878243635,53.56225287824363,0.0
2026-09-04T12:58:20.536494+00:00,scissor_p164,Scissor,3,164,6,6,6,164,True,True,0,3,,0.000000000,0.000000000,0.000000000,-0.052359878,0.000000000,0.000000000,0.000000000,0.052359878,0.000000000,0.000000000,0.000000000,0.011620000,0.000000000,0.000000000,0.011620000,0.000000000,0.000000000,0.011620000,0.000000000,0.000000000,11.620,0.000,0.000,11.620,0.000,0.000,11.620,0.000,0.000,-0.058187455,-0.001425852,0.008050000,-58.187,-1.426,8.050,-0.058189366,-0.001328983,0.008040000,-58.189,-1.329,8.040,-0.058953474,-0.001246893,0.008050000,-58.953,-1.247,8.050,,world,-0.0785708874464035,0.20329973101615906,0.1664583384990692,-0.07880501449108124,0.20337945222854614,0.13333964347839355,-0.00023412704467773438,7.972121238708496e-05,-0.03311869502067566,-0.23412704467773438,0.07972121238708496,-33.11869502067566,0.0331196185185953,33.1196185185953,0.0
2026-09-04T12:59:15.048539+00:00,scissor_p192,Scissor,3,192,6,6,6,192,True,True,0,3,,0.000000000,0.000000000,0.000000000,-0.104719755,0.000000000,0.000000000,0.000000000,0.104719755,0.000000000,0.000000000,0.000000000,0.011620000,0.000000000,0.000000000,0.011620000,0.000000000,0.000000000,0.011620000,0.000000000,0.000000000,11.620,0.000,0.000,11.620,0.000,0.000,11.620,0.000,0.000,-0.058187455,-0.001425852,0.008050000,-58.187,-1.426,8.050,-0.058189366,-0.001328983,0.008040000,-58.189,-1.329,8.040,-0.058953474,-0.001246893,0.008050000,-58.953,-1.247,8.050,,world,-0.0780131071805954,0.2023114413022995,0.15907754004001617,-0.07828453183174133,0.2025892436504364,0.1407201737165451,-0.00027142465114593506,0.00027780234813690186,-0.01835736632347107,-0.27142465114593506,0.27780234813690186,-18.35736632347107,0.01836147444569716,18.36147444569716,0.0
2026-09-04T13:00:24.603158+00:00,scissor_p225,Scissor,3,225,6,6,6,225,True,True,0,3,,0.000000000,0.000000000,0.000000000,-0.168424273,0.000000000,0.000000000,0.000000000,0.168424273,0.000000000,0.000000000,0.000000000,0.011620000,0.000000000,0.000000000,0.011620000,0.000000000,0.000000000,0.011620000,0.000000000,0.000000000,11.620,0.000,0.000,11.620,0.000,0.000,11.620,0.000,0.000,-0.058187455,-0.001425852,0.008050000,-58.187,-1.426,8.050,-0.058189366,-0.001328983,0.008040000,-58.189,-1.329,8.040,-0.058953474,-0.001246893,0.008050000,-58.953,-1.247,8.050,,world,-0.0780131071805954,0.2023114413022995,0.15907754004001617,-0.07828453183174133,0.2025892436504364,0.1407201737165451,-0.00027142465114593506,0.00027780234813690186,-0.01835736632347107,-0.27142465114593506,0.27780234813690186,-18.35736632347107,0.01836147444569716,18.36147444569716,0.0
2026-09-04T13:01:07.102248+00:00,scissor_p250,Scissor,3,250,6,6,6,233,True,True,0,3,,0.000000000,0.000000000,0.000000000,-0.170169602,0.000000000,0.000000000,0.000000000,0.170169602,0.000000000,0.000000000,0.000000000,0.011620000,0.000000000,0.000000000,0.011620000,0.000000000,0.000000000,0.011620000,0.000000000,0.000000000,11.620,0.000,0.000,11.620,0.000,0.000,11.620,0.000,0.000,-0.058187455,-0.001425852,0.008050000,-58.187,-1.426,8.050,-0.058189366,-0.001328983,0.008040000,-58.189,-1.329,8.040,-0.058953474,-0.001246893,0.008050000,-58.953,-1.247,8.050,,world,-0.0780131071805954,0.2023114413022995,0.15907754004001617,-0.07828453183174133,0.2025892436504364,0.1407201737165451,-0.00027142465114593506,0.00027780234813690186,-0.01835736632347107,-0.27142465114593506,0.27780234813690186,-18.35736632347107,0.01836147444569716,18.36147444569716,0.0
